{"flutter":{"platforms":{"android":{"default":{"projectId":"chatapp-b4dc9","appId":"1:605097180880:android:8e85a9a21a90146e21a8d5","fileOutput":"android/app/google-services.json"}},"dart":{"lib/firebase_options.dart":{"projectId":"chatapp-b4dc9","configurations":{"android":"1:605097180880:android:8e85a9a21a90146e21a8d5","ios":"1:605097180880:ios:8df35810d2c5c09921a8d5","macos":"1:605097180880:ios:8df35810d2c5c09921a8d5","web":"1:605097180880:web:04dd26118f282a6721a8d5","windows":"1:605097180880:web:199e2b79a7ab3be421a8d5"}}}}}}